House_Type,Family_Members,Num_Rooms,AC_Usage_Hours,Fan_Usage_Hours,Fridge_Usage_Hours,Washing_Machine_Hours,Water_Motor_Hours,Lighting_Hours,Heater_Usage_Hours,TV_Electronics_Hours,Daily_Appliance_Count,Outdoor_Temperature_C,Day_of_Week,Season,Is_Working_Day,Daily_Electricity_Consumption_kWh
Apartment,1,1,0.0,5.7,22.9,1.16,0.49,6.1,0.7,0.0,3,24.4,Monday,Spring,1,9.49
Apartment,4,2,8.0,16.9,19.7,1.6,1.21,8.8,0.0,1.8,7,34.4,Wednesday,Summer,1,19.57
Independent House,2,1,4.0,16.0,20.7,0.67,0.53,4.5,0.7,0.0,3,32.1,Monday,Summer,1,12.57
Apartment,2,1,0.0,5.8,23.7,0.41,1.03,2.2,0.7,3.8,5,20.7,Monday,Spring,1,9.37
Independent House,8,5,1.6,7.4,21.9,1.39,1.35,6.6,0.4,5.3,11,20.9,Friday,Autumn,1,14.18
Apartment,1,3,12.3,11.0,20.4,0.9,1.77,7.2,0.8,4.1,4,39.4,Monday,Summer,0,22.11
Villa,7,4,,10.7,23.2,1.07,0.49,7.8,0.0,8.1,8,19.7,Saturday,Autumn,0,19.09
Apartment,3,2,0.0,10.3,21.8,0.87,1.96,5.7,5.2,4.1,5,12.1,Monday,Winter,1,15.01
Villa,4,2,0.03,9.9,20.8,1.92,0.93,8.1,3.6,1.1,6,13.1,Tuesday,Winter,1,18.14
Villa,4,2,4.6,4.6,22.1,0.0,1.65,6.4,0.6,5.4,6,32.5,Tuesday,Summer,1,22.05
Apartment,1,1,10.2,12.5,22.7,0.97,1.43,7.1,1.0,6.5,3,40.0,Friday,Summer,1,22.19
Villa,3,2,12.3,15.3,23.6,1.15,1.1,4.2,0.4,5.3,6,42.6,Monday,Summer,1,31.75
Independent House,5,3,0.020000000000000004,6.6,22.2,0.58,1.23,7.8,7.1,3.4,7,8.5,Tuesday,Winter,0,17.78
Independent House,1,1,4.3,10.0,22.1,0.61,0.77,4.6,0.3,4.3,3,34.1,Thursday,Summer,1,15.72
Villa,2,1,6.1,17.0,24.0,0.52,1.25,9.3,0.6,2.6,4,39.5,Tuesday,Summer,1,25.12
Independent House,4,2,10.6,8.2,23.1,1.47,1.24,4.2,0.0,7.6,5,41.4,Saturday,Summer,0,24.07
Apartment,6,5,3.9,4.1,21.2,1.6,2.33,8.8,0.3,5.2,9,28.2,Wednesday,Autumn,1,15.83
Independent House,2,1,8.6,13.3,17.7,0.6,0.3,8.5,0.3,5.9,5,38.8,Saturday,Summer,0,23.78
Independent House,1,1,6.5,11.6,22.9,1.6,0.99,8.4,0.9,6.8,4,,Saturday,Summer,0,19.72
Independent House,3,2,2.3,5.8,21.0,1.06,1.97,9.1,0.4,3.7,7,26.3,Tuesday,Spring,1,11.76
Independent House,4,5,0.09000000000000001,10.2,22.1,1.02,0.99,9.1,6.3,3.3,7,16.9,Monday,Winter,1,17.84
Independent House,5,3,5.5,14.3,22.2,0.52,1.74,8.0,0.8,3.4,6,30.0,Tuesday,Spring,1,19.77
Independent House,5,4,9.7,18.3,21.9,1.3,1.28,7.5,0.1,6.9,8,,Sunday,Summer,0,27.32
Independent House,5,2,9.0,15.8,21.0,0.84,0.77,8.6,0.4,5.8,7,42.6,Saturday,Summer,0,21.55
Apartment,4,3,8.0,10.3,21.7,0.97,1.31,8.2,0.2,5.9,8,32.5,Saturday,Summer,0,19.27
Independent House,8,3,8.5,9.6,22.1,0.27,1.24,9.3,0.8,4.4,9,38.4,Tuesday,Summer,1,30.11
Independent House,4,3,0.0,6.0,22.4,1.07,0.88,6.3,6.3,0.4,6,12.4,Sunday,Winter,0,15.13
Apartment,6,2,3.3,16.2,20.9,0.99,1.38,4.6,0.4,7.4,9,29.2,Saturday,Autumn,0,12.36
Apartment,6,4,12.5,10.3,21.2,0.3,0.22,9.7,0.4,2.2,8,44.4,Wednesday,Summer,0,25.93
Apartment,3,1,0.0,12.3,21.2,0.68,0.42,7.4,0.0,5.5,4,23.7,Friday,Spring,1,7.76
Independent House,1,1,2.8,15.1,23.9,0.97,0.95,4.9,0.6,5.4,3,28.0,Saturday,Spring,0,14.31
Apartment,5,4,0.125,10.4,23.4,0.84,1.09,4.5,5.8,5.6,9,15.3,Friday,Winter,1,17.52
Independent House,3,3,4.1,6.2,21.3,0.29,1.15,9.2,0.0,9.2,6,32.0,Wednesday,Spring,1,14.75
Apartment,3,1,9.9,13.6,20.4,0.19,1.02,7.3,0.1,2.4,5,45.3,Tuesday,Summer,1,16.77
Apartment,6,3,11.9,13.6,23.9,0.22,0.54,8.3,0.0,7.8,9,43.6,Friday,Summer,1,28.23
Villa,6,4,11.4,12.6,22.0,0.98,1.51,7.9,0.0,12.6,10,34.5,Saturday,Summer,0,39.88
Independent House,1,2,0.11000000000000001,7.5,22.5,0.94,1.88,6.5,4.1,3.1,4,13.2,Wednesday,Winter,1,14.44
Independent House,1,1,7.7,17.4,20.4,0.9,0.53,6.9,0.3,6.6,4,33.0,Thursday,Summer,1,16.03
Villa,1,1,8.8,9.3,21.8,0.77,1.45,9.6,0.2,7.8,3,40.3,Thursday,Summer,1,29.38
Apartment,1,1,9.2,8.2,22.3,1.22,0.52,6.6,0.6,2.4,3,40.3,Thursday,Summer,1,17.14
Apartment,5,3,6.5,16.2,20.2,0.0,1.11,8.8,0.0,4.5,8,31.2,Thursday,Spring,1,14.87
Villa,7,4,4.6,11.8,22.8,0.3,1.63,6.3,0.0,8.2,11,33.2,Wednesday,Summer,1,25.05
Apartment,7,5,0.03,6.4,20.0,0.0,1.86,7.5,6.1,5.3,11,15.9,Monday,Winter,1,16.14
Independent House,8,6,1.3,14.5,21.5,0.42,0.48,8.2,0.4,4.7,12,22.5,Friday,Spring,1,12.23
Independent House,2,2,0.025,8.9,23.1,0.84,1.71,7.0,2.9,6.1,6,18.4,Friday,Winter,0,14.27
Apartment,3,2,6.3,12.3,20.2,0.53,2.48,7.9,0.2,4.0,5,37.2,Friday,Summer,1,16.93
Independent House,2,1,,6.1,24.0,0.51,1.26,5.4,0.5,6.0,4,28.7,Friday,Autumn,1,7.39
Apartment,1,1,10.1,13.9,22.0,0.19,0.12,6.5,0.7,4.6,5,39.8,Wednesday,Summer,1,21.33
Villa,6,4,5.9,12.5,22.3,0.41,1.27,7.5,0.0,2.5,10,33.7,Tuesday,Summer,1,28.78
Apartment,7,4,4.1,12.3,19.8,1.08,1.8,7.3,0.0,3.7,11,27.2,Sunday,Spring,0,12.81
Apartment,1,1,11.4,10.3,22.7,0.87,0.64,5.5,0.4,8.2,4,45.9,Monday,Summer,1,19.6
Apartment,3,2,6.0,14.3,23.3,0.83,0.65,7.7,0.0,6.7,5,28.6,Monday,Autumn,1,16.21
Apartment,7,4,0.9,6.6,24.0,0.77,2.24,3.4,0.3,5.0,8,18.7,Sunday,Autumn,0,11.77
Villa,6,4,3.8,9.7,24.0,0.97,1.15,7.6,0.0,4.4,10,20.5,Saturday,Autumn,0,22.62
Independent House,2,1,0.195,16.4,21.6,0.11,1.12,7.6,5.9,3.1,5,8.3,Monday,Winter,1,12.95
Independent House,2,2,0.045000000000000005,8.4,21.6,0.38,1.27,8.4,8.9,3.1,7,8.8,Friday,Winter,1,18.39
Independent House,3,3,2.4,11.9,21.3,0.42,1.44,6.5,0.4,3.4,7,20.9,Tuesday,Spring,0,9.82
Independent House,6,3,4.7,8.6,22.3,1.62,1.32,5.8,0.6,7.1,9,29.9,Saturday,Spring,0,17.67
Apartment,8,5,1.7,10.0,20.4,0.24,1.17,9.7,0.3,6.7,10,29.9,Tuesday,Autumn,1,13.61
Independent House,8,4,8.3,13.7,18.0,0.69,1.08,8.9,0.6,3.4,10,34.0,Friday,Summer,1,20.68
Villa,1,1,10.2,14.3,21.3,0.82,0.76,7.0,0.3,2.3,4,40.6,Thursday,Summer,1,29.05
Villa,8,5,10.6,7.9,23.0,0.94,0.44,7.8,0.0,1.8,12,41.3,Sunday,Summer,0,32.34
Independent House,6,4,2.3,7.8,20.8,1.15,1.37,7.0,0.1,4.3,9,20.5,Monday,Spring,1,14.64
Independent House,5,2,0.2,12.3,21.8,1.19,1.05,6.4,3.0,8.0,7,14.9,Sunday,Winter,0,12.47
Independent House,4,3,1.2,16.8,24.0,0.08,1.58,5.9,0.8,6.2,7,24.6,Thursday,Spring,1,13.8
Apartment,4,1,4.5,8.6,21.5,0.17,0.41,6.5,0.2,7.1,6,29.7,Monday,Autumn,1,12.72
Independent House,5,3,1.7,7.0,22.7,0.32,0.0,6.5,0.0,5.0,8,21.9,Thursday,Autumn,1,12.26
Independent House,2,1,0.0,15.7,23.9,0.61,1.12,7.5,0.2,7.5,3,22.5,Saturday,Spring,0,8.43
Apartment,4,2,8.0,16.9,19.7,1.6,1.21,8.8,0.0,1.8,7,34.4,Wednesday,Summer,1,19.57
Apartment,8,6,11.5,6.5,22.6,1.04,1.3,9.1,0.4,3.4,12,40.5,Thursday,Summer,1,25.38
Apartment,3,3,0.0,6.8,23.1,1.0,1.81,7.7,5.5,4.8,4,19.1,Saturday,Winter,0,12.6
Villa,5,4,10.7,14.3,20.8,0.8,1.17,9.2,0.0,3.1,8,40.0,Wednesday,Summer,1,35.25
Villa,6,5,3.5,7.2,20.8,0.97,2.26,8.0,0.6,1.7,9,26.6,Wednesday,Spring,1,21.31
Apartment,6,4,0.15000000000000002,15.0,23.1,0.66,1.81,7.8,6.0,5.1,10,12.7,Sunday,Winter,0,16.65
Independent House,8,5,3.5,9.1,21.6,0.72,0.99,8.5,1.0,4.7,12,28.4,Saturday,Spring,0,18.78
Independent House,1,1,5.7,10.6,21.0,0.66,0.96,6.6,0.2,4.0,4,30.0,Tuesday,Spring,1,16.11
Independent House,2,1,1.4,13.0,24.0,0.94,1.4,9.7,0.0,5.3,4,22.5,Sunday,Spring,0,9.56
Apartment,5,4,0.0,8.8,20.1,0.55,1.18,6.7,0.0,6.3,9,22.5,Tuesday,Autumn,1,9.15
Apartment,1,1,9.5,10.1,22.0,0.24,1.1,3.8,0.0,7.0,4,40.3,Thursday,Summer,1,19.36
Independent House,4,1,0.165,13.1,24.0,0.7,1.07,6.8,5.2,5.0,5,10.0,Saturday,Winter,0,15.77
Independent House,4,1,0.0,8.9,21.0,0.95,0.91,7.4,0.0,4.8,5,20.8,Saturday,Spring,0,7.47
Villa,7,5,0.10500000000000001,12.5,21.6,0.49,1.23,9.3,7.1,2.8,12,11.0,Monday,Winter,0,24.66
Independent House,8,5,9.0,14.1,22.3,0.35,1.37,7.8,0.0,4.9,10,40.5,Tuesday,Summer,1,23.88
Independent House,3,2,6.6,11.8,18.0,0.85,1.37,6.8,0.1,10.0,5,34.8,Saturday,Summer,0,21.56
Villa,5,3,7.1,11.0,22.9,0.63,0.62,7.2,0.7,2.0,6,31.6,Wednesday,Spring,1,28.24
Apartment,8,5,2.3,10.0,21.1,1.32,1.23,7.4,0.7,5.3,12,26.7,Saturday,Spring,0,11.7
Villa,1,1,0.11499999999999999,17.3,20.2,0.77,1.68,7.2,3.6,3.2,3,19.2,Sunday,Winter,0,19.37
Independent House,8,5,5.4,11.1,20.2,0.35,0.59,7.3,0.0,3.7,11,27.0,Monday,Autumn,1,16.55
Independent House,3,2,0.0,13.1,21.4,0.11,1.01,6.4,6.7,0.4,4,16.3,Tuesday,Winter,1,17.67
Villa,3,3,3.6,12.3,24.0,0.88,1.08,4.9,0.0,4.7,7,25.5,Tuesday,Spring,1,19.41
Apartment,2,1,5.4,9.3,21.7,0.0,1.51,5.8,0.2,5.2,3,33.7,Thursday,Summer,1,14.53
Independent House,5,3,0.0,11.9,24.0,1.08,1.08,5.4,0.0,3.0,8,24.4,Wednesday,Spring,1,9.9
Independent House,4,1,0.08000000000000002,15.3,23.6,0.37,0.64,8.6,4.8,4.4,5,16.2,Friday,Winter,1,10.34
Villa,2,1,4.2,12.5,19.3,0.44,0.0,10.4,0.3,0.0,5,20.1,Thursday,Spring,1,18.69
Independent House,4,2,13.6,12.6,22.1,0.66,1.45,7.4,0.0,8.0,5,44.5,Wednesday,Summer,1,26.14
Apartment,8,4,15.0,12.4,24.0,0.49,1.47,9.7,0.3,7.6,11,45.7,Sunday,Summer,0,31.5
Apartment,7,3,1.6,13.7,22.9,0.77,0.91,5.6,0.6,8.7,9,20.8,Monday,Autumn,0,9.81
Villa,8,5,9.5,10.0,22.2,0.53,0.68,5.6,0.0,1.7,11,36.7,Monday,Summer,1,34.74
Independent House,2,2,5.5,11.6,22.4,0.74,1.21,4.1,0.4,3.0,5,33.1,Tuesday,Summer,1,16.3
Independent House,3,2,0.0,13.1,20.5,0.96,0.99,6.7,0.4,8.8,4,20.7,Monday,Autumn,1,9.79
Independent House,3,2,4.6,10.8,22.8,1.86,1.11,3.9,1.0,3.3,4,32.7,Sunday,Summer,0,16.46
Independent House,3,2,0.0,10.4,22.2,0.0,0.98,6.9,5.1,5.5,3,14.8,Tuesday,Winter,1,11.97
Apartment,5,3,6.4,13.4,20.6,1.33,1.45,8.1,0.0,6.2,6,33.5,Sunday,Summer,0,20.09
Villa,3,2,0.0,8.6,21.1,1.01,0.17,6.5,9.6,4.6,5,9.3,Monday,Winter,1,24.4
Apartment,3,1,7.3,11.8,22.7,0.87,0.73,8.9,0.0,4.9,4,35.7,Thursday,Summer,1,15.83
Independent House,8,6,1.8,9.6,20.2,1.19,1.17,7.5,0.2,2.8,11,18.1,Tuesday,Autumn,0,12.36
Independent House,2,1,4.3,8.3,21.6,0.5,0.66,6.3,0.0,2.9,3,29.1,Monday,Autumn,1,12.78
Independent House,5,4,0.8,8.4,24.0,0.75,0.17,6.5,0.2,3.2,9,24.2,Monday,Spring,1,10.08
Independent House,7,4,8.1,15.4,22.9,0.18,0.9,6.7,0.1,5.6,10,39.3,Friday,Summer,1,25.35
Independent House,8,4,3.1,6.0,23.7,1.24,0.47,7.3,0.0,2.0,11,22.0,Saturday,Spring,0,15.89
Independent House,6,4,0.03,7.8,17.4,0.39,1.42,7.9,5.4,2.8,12,18.3,Tuesday,Winter,1,12.92
Villa,4,4,0.2,13.4,21.4,0.71,0.65,8.5,0.2,4.7,8,22.2,Thursday,Autumn,0,10.16
Independent House,6,3,0.0,17.7,19.2,0.6,1.0,7.9,0.9,5.8,8,13.2,Friday,Winter,1,12.18
Independent House,1,1,8.6,10.5,23.4,1.18,1.39,6.6,0.2,4.6,3,37.0,Sunday,Summer,0,22.89
Independent House,3,1,,13.7,22.7,0.99,1.77,4.3,0.0,3.6,4,41.3,Tuesday,Summer,1,24.43
Independent House,5,3,3.2,5.9,24.0,0.88,0.52,5.2,0.7,7.1,7,26.5,Sunday,Autumn,0,15.71
Apartment,1,1,7.4,9.9,21.3,1.03,1.48,7.4,0.4,3.6,4,37.7,Tuesday,Summer,1,15.35
Independent House,7,5,5.7,13.4,21.9,0.96,1.05,7.9,0.4,0.9,11,34.1,Thursday,Summer,1,18.98
Villa,1,1,0.005000000000000001,10.3,21.2,1.05,1.25,,5.1,5.7,3,10.2,Saturday,Winter,0,21.3
Apartment,8,5,0.025,12.8,21.9,0.69,1.14,8.6,4.3,4.5,14,10.8,Saturday,Winter,0,12.37
Apartment,7,4,0.11000000000000001,14.4,21.1,0.07,0.88,9.1,1.3,1.3,9,14.0,Wednesday,Winter,1,9.9
Apartment,8,4,4.6,10.7,19.8,1.19,1.23,9.4,0.1,3.6,10,29.3,Sunday,Autumn,0,16.14
Apartment,4,4,0.065,7.4,20.9,0.41,1.91,7.3,4.2,9.2,8,15.4,Thursday,Winter,1,9.47
Apartment,5,3,1.9,11.7,22.7,0.39,1.21,7.7,0.3,4.5,8,26.8,Wednesday,Autumn,1,12.36
Independent House,1,1,8.6,14.9,21.9,0.84,2.33,6.4,1.0,3.6,3,42.2,Sunday,Summer,0,25.09
Independent House,5,3,13.0,12.8,24.0,0.27,1.72,5.1,0.1,6.4,7,43.0,Tuesday,Summer,1,26.8
Independent House,6,3,0.0,8.4,21.3,0.66,1.2,5.2,5.4,4.2,9,17.0,Monday,Winter,0,15.4
Apartment,1,1,8.6,7.1,20.4,0.98,1.41,8.7,0.0,5.6,4,37.3,Tuesday,Summer,1,16.33
Independent House,4,4,14.9,11.8,22.5,1.35,1.95,,0.0,7.2,7,45.3,Saturday,Summer,0,32.63
Apartment,4,2,4.7,8.4,23.5,0.52,1.2,7.4,0.0,2.2,6,29.6,Monday,Spring,0,14.5
Apartment,2,1,11.2,17.1,22.4,1.09,1.73,3.8,0.1,2.2,3,45.3,Thursday,Summer,1,20.05
Independent House,4,4,6.8,11.4,22.8,0.06,0.94,8.4,0.7,3.6,7,30.6,Tuesday,Spring,1,22.26
Independent House,1,1,0.7,17.6,18.8,0.28,0.51,6.5,0.8,3.5,5,23.5,Monday,Spring,1,7.72
Independent House,5,2,10.8,11.2,21.4,0.35,1.56,6.5,0.4,6.1,6,39.4,Tuesday,Summer,1,29.8
Independent House,4,2,0.0,11.3,20.1,0.29,1.85,5.0,8.9,5.6,6,15.8,Wednesday,Winter,1,27.56
Independent House,3,2,0.0,11.2,24.0,1.1,0.99,6.0,0.2,4.1,6,20.9,Wednesday,Spring,1,9.35
Apartment,4,3,0.0,9.9,20.9,0.15,1.2,4.9,0.0,6.4,9,22.7,Tuesday,Spring,1,8.65
Apartment,1,1,0.11499999999999999,10.6,19.4,0.15,0.53,5.7,8.7,6.7,3,16.3,Monday,Winter,1,14.2
Villa,4,3,0.11499999999999999,4.7,21.5,0.93,1.44,8.4,3.3,4.3,7,8.6,Saturday,Winter,0,20.28
Independent House,6,3,3.9,11.1,20.3,0.63,1.73,3.0,0.0,4.9,8,30.0,Monday,Spring,1,17.59
Independent House,6,3,5.0,9.5,21.7,0.69,1.15,5.0,0.0,4.2,7,35.0,Friday,Summer,1,13.79
Apartment,3,1,7.6,9.0,22.7,0.14,1.04,6.0,0.3,5.0,4,34.9,Monday,Summer,1,18.16
Apartment,4,2,0.4,9.0,23.0,0.67,1.29,4.5,0.1,7.7,6,22.4,Tuesday,Spring,1,7.89
Independent House,6,5,7.5,11.1,22.7,0.55,1.79,6.8,0.4,8.2,9,36.2,Monday,Summer,1,23.46
Apartment,1,1,2.0,11.6,21.7,0.78,0.6,3.5,0.5,6.6,3,31.2,Sunday,Spring,0,9.08
Apartment,2,2,0.0,13.1,22.5,0.61,1.28,7.6,3.3,4.2,7,17.8,Monday,Winter,1,12.23
Independent House,3,2,12.2,13.2,18.8,0.54,0.49,5.9,0.4,4.6,6,44.9,Sunday,Summer,0,26.68
Apartment,2,2,2.8,8.1,22.0,0.99,0.81,5.8,0.8,5.3,7,27.4,Wednesday,Autumn,1,9.93
Independent House,5,4,0.0,7.3,24.0,0.81,2.32,7.5,0.2,7.9,8,22.4,Wednesday,Spring,1,12.8
Independent House,2,1,0.2,7.5,20.7,0.0,0.75,7.7,0.7,5.8,4,24.7,Monday,Autumn,1,8.8
Independent House,7,5,9.2,7.0,23.6,1.19,1.61,7.6,0.0,4.0,10,37.6,Tuesday,Summer,1,21.72
Villa,1,1,0.045000000000000005,13.5,22.9,0.36,0.25,3.8,7.4,1.9,3,14.4,Tuesday,Winter,1,19.93
Apartment,5,4,10.3,11.6,22.2,1.69,2.12,8.2,0.6,7.3,10,43.0,Saturday,Summer,0,24.08
Independent House,6,3,5.5,14.9,21.7,0.99,0.47,4.9,0.0,4.7,8,29.9,Sunday,Autumn,0,17.16
Independent House,2,1,4.2,10.5,23.6,0.54,1.06,6.9,0.6,5.3,5,29.8,Tuesday,Autumn,1,16.46
Apartment,5,3,0.0,13.4,21.6,0.52,2.18,6.6,0.5,4.7,7,23.1,Tuesday,Spring,1,10.77
Independent House,1,1,0.025,4.7,23.9,0.52,0.94,6.4,6.0,0.0,5,15.4,Tuesday,Winter,1,15.06
Independent House,2,1,7.7,11.1,20.4,1.16,1.15,6.0,0.0,7.3,4,41.0,Sunday,Summer,0,22.14
Independent House,1,1,6.3,11.8,21.3,0.36,1.87,7.5,0.3,3.4,4,35.2,Tuesday,Summer,1,18.19
Independent House,2,1,0.2,13.3,22.3,0.62,0.02,8.4,0.2,5.4,7,23.5,Thursday,Spring,1,10.7
Independent House,8,5,12.6,11.2,23.5,0.94,1.68,8.0,0.1,5.3,13,36.6,Friday,Summer,1,32.26
Independent House,1,1,7.7,17.4,20.4,0.9,0.53,6.9,0.3,6.6,4,33.0,Thursday,Summer,1,16.03
Independent House,3,1,0.0,10.1,22.8,0.0,1.47,6.5,0.6,6.0,3,20.4,Monday,Spring,1,8.98
Independent House,2,3,13.0,11.3,22.2,0.78,0.54,4.4,0.3,5.6,6,42.1,Monday,Summer,0,23.78
Apartment,2,2,10.6,12.9,21.9,1.72,0.94,5.7,0.0,2.4,6,44.3,Tuesday,Summer,0,20.81
Independent House,3,2,0.0,6.2,24.0,0.59,1.21,7.9,4.5,6.6,6,16.3,Friday,Winter,1,12.66
Apartment,4,3,0.025,12.0,23.2,0.77,0.96,6.5,7.5,1.9,5,11.3,Wednesday,Winter,1,14.53
Independent House,7,5,3.5,10.2,22.9,1.12,1.34,7.1,0.4,4.7,10,29.2,Thursday,Spring,1,19.08
Apartment,1,1,0.0,6.8,22.9,1.04,1.47,9.7,0.0,6.2,4,22.9,Tuesday,Autumn,1,7.03
Apartment,5,4,5.0,7.0,23.4,1.22,0.23,7.1,0.0,7.0,8,29.8,Sunday,Autumn,0,16.94
Independent House,1,1,0.0,8.3,21.4,0.83,0.78,7.8,0.0,4.3,3,23.2,Thursday,Spring,1,7.05
Apartment,4,2,1.8,5.7,20.8,0.77,0.92,6.5,0.0,1.4,7,27.5,Friday,Autumn,0,9.68
Independent House,4,3,0.6,9.9,22.6,0.33,1.91,7.2,0.6,7.6,7,27.0,Friday,Spring,1,9.59
Apartment,8,5,15.3,9.5,23.0,0.96,0.76,7.0,0.2,4.5,11,42.8,Wednesday,Summer,1,26.87
Apartment,1,1,1.9,11.1,20.3,1.32,0.55,3.8,0.8,6.6,4,27.8,Friday,Autumn,1,9.26
Independent House,3,2,1.2,10.6,21.5,0.92,1.01,5.5,0.2,5.1,4,19.1,Sunday,Autumn,0,13.21
Villa,3,1,7.9,12.5,20.3,0.47,1.79,5.6,0.7,3.1,5,36.3,Monday,Summer,0,27.82
Apartment,8,5,12.0,13.1,21.4,0.43,3.26,7.5,0.0,9.9,13,39.9,Tuesday,Summer,1,25.42
Apartment,5,3,1.9,12.9,24.0,0.44,1.8,6.7,0.0,2.9,7,18.3,Thursday,Autumn,1,13.13
Independent House,2,1,10.1,18.0,22.8,0.69,1.87,4.1,0.1,6.0,4,38.5,Monday,Summer,1,21.26
Independent House,6,2,3.2,12.7,19.8,1.17,0.42,6.3,0.2,4.2,9,23.3,Saturday,Spring,0,15.17
Apartment,7,5,12.2,15.9,20.9,0.59,1.07,4.7,0.2,5.2,11,45.4,Saturday,Summer,0,24.33
Apartment,6,4,3.9,10.2,21.2,1.38,1.54,9.7,0.0,4.9,9,27.7,Sunday,Autumn,0,11.8
Apartment,2,3,5.1,11.9,22.2,0.87,1.27,5.4,0.0,2.4,7,28.2,Wednesday,Spring,1,13.18
Villa,4,2,8.4,3.7,23.8,0.0,0.8,8.0,1.2,4.5,7,39.4,Wednesday,Summer,1,31.61
Apartment,6,5,13.3,14.9,20.9,1.14,0.91,6.8,0.5,4.9,10,43.9,Tuesday,Summer,1,29.63
Independent House,6,4,0.1,8.1,21.3,0.94,1.57,7.3,6.0,6.5,8,17.8,Sunday,Winter,0,17.89
Apartment,8,5,4.8,9.9,24.0,1.17,0.82,10.5,0.1,5.6,11,28.2,Sunday,Spring,0,17.68
Apartment,2,3,2.6,16.2,21.1,0.92,1.53,6.9,0.0,5.4,8,28.9,Monday,Spring,1,10.37
Independent House,1,1,2.2,12.1,23.5,1.08,0.36,5.5,0.2,3.9,4,27.0,Saturday,Autumn,0,13.26
Villa,2,2,1.5,10.7,23.8,1.25,0.34,4.0,0.0,9.7,3,24.6,Saturday,Spring,0,11.89
Independent House,5,3,0.0,12.2,19.0,0.42,0.55,8.1,6.3,1.8,8,8.6,Friday,Winter,1,15.29
Villa,8,4,0.085,14.1,24.0,0.58,1.48,9.2,5.2,3.4,11,11.9,Tuesday,Winter,1,20.75
Apartment,2,1,0.0,13.9,20.1,0.53,1.36,6.8,8.2,8.5,3,11.5,Friday,Winter,0,17.02
Villa,3,3,1.5,10.4,21.5,0.41,1.79,8.7,0.0,10.4,7,23.5,Monday,Spring,1,17.25
Apartment,5,4,11.9,13.3,21.8,0.83,1.19,5.6,0.5,3.7,8,42.8,Tuesday,Summer,1,25.69
Apartment,1,1,2.9,7.1,21.6,0.59,0.58,5.8,1.0,1.4,3,27.7,Friday,Spring,1,8.12
Independent House,1,1,0.1,13.0,22.0,0.29,1.6,8.1,0.7,3.9,5,23.3,Friday,Spring,1,7.66
Apartment,3,2,0.135,6.8,21.5,0.46,0.7,,6.5,4.2,8,17.9,Friday,Winter,1,14.48
Independent House,5,4,2.0,8.7,19.9,0.09,1.89,7.3,0.6,7.1,8,,Tuesday,Autumn,1,17.64
Independent House,6,5,3.7,10.4,21.8,1.03,0.4,5.3,0.8,6.5,8,29.2,Saturday,Autumn,0,16.44
Apartment,2,2,0.085,8.4,21.3,0.86,0.44,7.4,3.3,7.8,5,14.2,Saturday,Winter,0,8.89
Apartment,7,4,0.04000000000000001,10.1,21.9,0.67,0.65,6.6,3.7,1.7,10,15.6,Thursday,Winter,1,12.66
Independent House,6,5,0.005000000000000001,10.0,21.8,0.36,0.45,8.1,8.1,3.0,8,12.8,Friday,Winter,1,19.64
Apartment,7,4,0.25,9.5,21.5,0.44,0.93,8.1,2.4,6.1,9,19.4,Friday,Winter,1,11.45
Independent House,7,5,11.2,13.0,24.0,0.0,2.06,8.9,0.8,2.4,10,41.9,Wednesday,Summer,1,27.74
Villa,5,3,0.8,7.8,23.2,1.34,1.14,7.6,0.0,3.7,7,23.2,Sunday,Autumn,0,15.25
Independent House,7,5,0.0,6.0,22.9,0.62,0.55,4.7,0.0,1.2,9,18.4,Monday,Autumn,1,9.75
Independent House,8,5,9.8,10.5,21.5,1.08,1.14,9.6,0.0,10.8,12,37.5,Saturday,Summer,0,27.18
Independent House,3,1,1.5,9.3,21.1,0.14,1.95,5.3,0.1,6.2,4,,Tuesday,Autumn,1,9.89
Villa,1,1,0.0,8.0,22.6,1.1,0.78,6.9,7.1,2.6,3,11.0,Wednesday,Winter,1,21.3
Apartment,4,1,8.4,15.0,23.9,0.82,1.33,7.9,0.3,8.6,5,35.7,Sunday,Summer,0,15.69
Villa,1,1,0.0,6.7,24.0,1.27,1.8,7.4,6.2,7.3,5,12.0,Saturday,Winter,0,21.85
Independent House,4,2,6.7,12.7,20.7,0.9,1.74,9.5,0.2,4.5,6,34.3,Monday,Summer,1,20.68
Apartment,3,2,8.1,16.6,21.1,0.79,2.23,5.5,0.3,3.5,4,37.4,Tuesday,Summer,1,20.11
Independent House,5,3,2.3,14.8,21.9,1.05,1.07,6.2,0.4,6.2,8,22.5,Thursday,Autumn,1,13.75
Independent House,1,1,1.4,8.6,24.0,0.48,1.37,8.4,0.3,3.1,3,26.3,Thursday,Spring,1,11.59
Apartment,6,4,4.8,15.9,22.6,0.5,1.39,7.8,0.0,5.5,10,34.1,Saturday,Summer,0,16.37
Apartment,8,6,0.17500000000000002,9.1,21.6,0.94,1.48,6.8,4.7,8.5,12,14.5,Sunday,Winter,0,16.58
Independent House,5,4,5.8,7.9,21.8,1.22,1.64,5.4,0.0,5.3,9,28.3,Tuesday,Autumn,1,21.77
Apartment,6,2,2.0,9.2,21.3,0.0,0.78,6.3,0.0,3.9,8,22.7,Monday,Spring,1,10.09
Villa,6,4,6.9,10.4,22.2,0.38,0.9,10.0,0.0,7.1,9,34.3,Tuesday,Summer,1,30.34
Apartment,6,4,13.7,9.0,22.0,0.73,0.0,7.9,0.0,4.7,8,45.9,Monday,Summer,1,25.71
Independent House,4,4,4.6,3.2,23.3,0.21,0.94,7.5,0.0,5.0,8,29.9,Tuesday,Spring,1,15.48
Villa,8,4,6.9,10.3,22.5,0.43,1.94,8.3,0.9,3.2,10,34.3,Wednesday,Summer,1,28.32
Villa,2,2,12.5,15.7,21.1,0.15,1.93,,0.2,0.8,4,44.2,Wednesday,Summer,1,38.51
Independent House,5,2,12.9,8.5,20.5,0.91,0.54,4.9,0.1,5.1,8,44.4,Saturday,Summer,0,26.83
Independent House,2,2,2.0,9.1,20.1,0.25,1.07,7.2,0.0,6.3,4,29.5,Monday,Autumn,1,11.0
Apartment,8,5,0.0,9.2,21.4,0.94,0.48,9.5,6.0,4.9,12,14.0,Tuesday,Winter,1,15.51
Independent House,6,3,0.25,5.6,24.0,0.9,0.55,6.7,3.4,4.7,10,18.2,Friday,Winter,1,14.94
Apartment,8,5,0.020000000000000004,13.4,21.0,0.65,1.31,5.8,7.2,4.9,13,12.4,Tuesday,Winter,1,16.83
Apartment,5,1,3.7,9.4,24.0,1.02,2.29,4.5,0.0,5.0,6,30.6,Friday,Spring,1,12.66
Apartment,8,4,0.9,9.5,23.0,0.46,0.64,7.7,0.0,3.7,10,18.7,Wednesday,Autumn,1,8.92
Independent House,5,4,2.8,9.0,20.8,0.7,1.58,7.0,0.5,5.3,8,26.0,Sunday,Autumn,0,12.55
Independent House,2,1,0.0,9.2,23.3,0.92,0.85,4.3,5.5,3.8,5,14.7,Wednesday,Winter,1,15.21
Independent House,7,5,1.2,4.5,22.6,0.58,1.67,9.1,0.0,4.7,10,23.2,Wednesday,Autumn,1,14.69
Independent House,1,1,2.4,9.4,23.1,0.64,0.68,8.3,0.8,3.6,4,23.4,Wednesday,Autumn,1,10.94
Apartment,3,4,4.0,5.4,22.3,1.02,1.14,7.1,0.2,9.3,7,20.5,Monday,Spring,1,13.94
Villa,4,2,3.4,9.3,21.2,0.46,1.0,2.8,0.9,3.2,6,27.9,Monday,Spring,1,20.78
Apartment,7,4,0.195,11.8,19.5,0.93,1.53,8.4,4.8,5.4,10,14.1,Friday,Winter,1,12.49
Independent House,2,2,0.05500000000000001,12.6,20.7,0.38,1.09,5.8,2.1,5.8,6,14.6,Tuesday,Winter,1,9.95
Apartment,1,1,0.0,14.8,22.1,0.5,1.07,7.1,6.1,4.2,3,9.2,Friday,Winter,1,13.08
Apartment,8,6,7.5,9.5,22.2,1.32,0.62,7.4,0.0,2.8,11,38.5,Tuesday,Summer,1,19.89
Apartment,3,1,11.3,10.4,20.1,0.93,0.46,7.1,0.1,2.1,3,43.6,Monday,Summer,0,16.73
Independent House,4,3,0.13,9.8,24.0,1.1,1.43,8.6,7.7,7.0,6,14.7,Saturday,Winter,0,17.45
Apartment,3,1,1.9,9.5,21.8,1.85,1.93,6.5,0.0,2.6,3,28.0,Monday,Autumn,1,10.54
Independent House,3,2,0.0,10.7,19.6,0.48,1.3,5.6,0.5,7.2,6,25.1,Friday,Autumn,1,8.47
Apartment,7,4,0.5,11.2,24.0,1.15,0.62,8.4,0.0,4.2,11,21.4,Sunday,Autumn,0,10.76
Apartment,6,3,8.0,3.0,22.6,0.58,0.95,8.6,0.2,2.6,8,34.3,Thursday,Summer,1,17.87
Independent House,7,5,1.7,8.5,24.0,1.37,1.9,6.6,0.5,4.9,10,24.1,Sunday,Spring,0,16.37
Independent House,1,1,0.085,5.2,24.0,0.31,1.17,8.5,8.3,3.4,3,15.1,Monday,Winter,1,20.3
Independent House,7,4,1.2,11.5,21.0,1.16,1.13,8.4,0.6,6.7,10,25.2,Thursday,Spring,1,13.53
Apartment,6,3,11.2,17.1,24.0,0.52,1.38,4.9,0.4,6.5,6,41.9,Monday,Summer,1,22.59
Independent House,2,1,12.3,7.1,24.0,0.26,0.0,9.6,0.0,5.6,4,44.8,Friday,Summer,1,25.05
Villa,7,4,12.1,6.5,20.5,1.15,1.66,8.6,0.5,5.0,10,41.4,Saturday,Summer,0,42.73
Villa,3,1,4.3,9.8,22.2,0.7,1.61,7.4,0.5,4.5,5,29.6,Monday,Autumn,1,19.45
Independent House,7,4,,16.2,23.7,0.17,1.67,2.9,3.7,5.9,9,15.8,Thursday,Winter,1,61.056
Independent House,6,4,0.1,9.8,23.7,0.42,1.34,7.5,6.4,3.6,9,9.5,Friday,Winter,1,19.29
Independent House,1,1,0.0,7.1,21.1,0.26,0.98,6.1,5.3,4.5,4,13.6,Tuesday,Winter,1,12.64
Independent House,7,3,4.0,12.8,22.0,0.82,0.46,7.5,0.4,4.0,8,27.9,Tuesday,Autumn,1,15.12
Villa,4,3,11.8,11.3,23.2,0.06,1.06,7.9,0.0,3.7,6,39.6,Monday,Summer,1,37.27
Independent House,4,4,0.025,13.0,21.4,0.58,0.79,6.2,5.1,1.4,8,14.0,Friday,Winter,1,12.84
Independent House,2,1,2.5,14.9,22.0,0.48,0.5,4.5,0.4,3.0,3,20.8,Monday,Spring,1,13.13
Apartment,3,3,0.8,10.2,21.7,0.13,1.36,9.5,0.3,9.2,6,21.4,Thursday,Spring,0,10.88
Apartment,7,3,9.0,17.5,21.1,0.96,1.21,7.4,0.0,5.8,9,37.6,Thursday,Summer,1,22.52
Apartment,2,1,7.2,14.2,19.6,0.43,1.36,7.9,0.4,6.5,6,35.5,Tuesday,Summer,1,16.33
Apartment,1,1,0.0,8.1,22.7,0.29,0.95,7.0,4.9,7.8,4,16.9,Monday,Winter,1,11.76
Apartment,5,3,6.5,12.4,22.0,0.38,0.78,6.6,0.4,8.7,7,32.2,Wednesday,Summer,1,16.88
Apartment,7,4,0.5,11.7,21.6,1.07,0.91,6.0,0.8,5.4,8,24.9,Tuesday,Autumn,0,8.89
Independent House,3,2,6.4,10.1,21.4,0.42,0.79,4.8,0.1,2.6,7,35.5,Tuesday,Summer,1,18.04
Apartment,4,3,0.06999999999999999,5.8,20.4,1.07,1.02,8.6,5.4,3.2,5,10.3,Wednesday,Winter,1,17.13
Villa,4,3,0.11499999999999999,4.7,21.5,0.93,1.44,8.4,3.3,4.3,7,8.6,Saturday,Winter,0,20.28
Apartment,5,2,1.8,13.7,24.0,0.84,1.23,4.3,0.3,5.3,5,20.6,Sunday,Autumn,0,12.66
Apartment,7,5,2.7,10.1,22.9,0.4,2.04,9.8,0.4,5.4,11,20.9,Tuesday,Spring,1,16.77
Independent House,4,3,7.1,10.1,18.2,0.67,1.81,5.2,0.3,4.5,9,29.8,Monday,Autumn,1,20.91
Apartment,1,1,0.0,9.5,21.7,0.77,0.99,4.6,0.0,3.7,3,,Tuesday,Spring,1,6.67
Independent House,4,2,1.1,11.1,21.5,0.0,1.06,3.3,0.3,7.7,6,21.8,Monday,Autumn,1,10.83
Apartment,2,2,11.8,14.2,24.0,0.87,0.25,7.3,0.7,3.0,6,41.5,Friday,Summer,1,20.79
Apartment,3,2,0.0,7.0,24.0,0.76,1.73,4.8,4.1,6.7,6,12.3,Monday,Winter,1,11.26
Villa,5,4,8.7,13.1,19.8,0.0,1.76,9.1,0.1,4.4,8,37.7,Tuesday,Summer,1,32.48
Independent House,7,5,0.7,6.5,19.1,1.14,2.03,6.9,0.1,5.8,10,20.0,Wednesday,Spring,1,11.38
Independent House,2,1,8.9,13.4,21.1,0.36,0.97,7.0,0.0,2.4,3,39.2,Thursday,Summer,1,21.36
Apartment,7,4,0.11000000000000001,14.4,21.1,0.07,0.88,9.1,1.3,1.3,9,14.0,Wednesday,Winter,1,9.9
Apartment,1,1,1.6,10.9,22.9,0.01,1.03,3.4,0.2,5.4,4,28.6,Friday,Spring,1,8.98
Apartment,3,1,9.6,14.5,19.7,0.79,1.06,6.7,0.5,6.7,5,39.8,Sunday,Summer,0,20.67
Independent House,3,1,7.7,8.2,21.3,0.42,0.9,9.0,0.0,7.7,4,38.9,Monday,Summer,1,18.1
Apartment,8,7,1.9,13.4,21.5,0.61,1.1,7.8,0.3,7.6,14,19.4,Wednesday,Autumn,1,12.98
Independent House,7,4,0.15500000000000003,12.1,21.5,0.41,1.62,7.6,7.1,2.6,9,15.1,Wednesday,Winter,1,20.26
Independent House,1,1,0.0,3.8,19.7,1.45,1.04,6.3,4.2,4.3,3,13.9,Saturday,Winter,0,13.53
Apartment,4,2,0.0,3.5,22.3,0.59,1.15,5.4,1.0,1.8,5,25.0,Tuesday,Autumn,0,10.59
Apartment,2,1,2.1,7.0,22.9,1.19,1.49,5.7,0.0,4.0,4,22.4,Tuesday,Autumn,1,10.76
Apartment,6,3,1.2,16.2,24.0,0.46,1.26,4.9,0.6,2.0,8,21.5,Saturday,Autumn,0,10.2
Villa,3,1,7.0,13.9,22.2,0.68,1.4,6.8,0.3,3.4,4,32.3,Thursday,Summer,1,28.07
Villa,8,5,4.8,12.1,21.3,0.32,1.13,,0.0,3.3,11,30.8,Tuesday,Spring,1,27.4
Independent House,5,3,2.7,7.4,21.6,0.91,1.16,4.7,0.0,7.9,8,19.2,Tuesday,Autumn,1,13.94
Independent House,7,4,6.6,11.2,21.6,0.68,1.3,6.7,0.0,4.9,9,34.8,Wednesday,Summer,1,23.78
Independent House,4,3,11.7,17.3,22.3,0.57,0.66,7.4,0.1,8.0,5,42.6,Tuesday,Summer,1,28.35
Apartment,4,3,4.7,10.7,21.0,1.34,0.46,8.7,0.6,4.0,7,27.5,Friday,Spring,1,18.27
Independent House,8,3,0.0,10.3,23.1,0.17,0.58,8.8,7.7,1.2,8,8.5,Monday,Winter,1,19.54
Independent House,7,4,8.8,15.9,23.9,0.64,1.52,7.2,0.3,6.5,8,36.2,Sunday,Summer,0,21.59
Apartment,2,1,0.4,10.1,22.3,0.0,1.33,5.2,0.0,7.0,5,23.2,Tuesday,Autumn,1,9.05
Villa,7,4,0.23500000000000001,5.7,21.7,0.59,1.34,4.4,5.6,0.0,9,16.9,Friday,Winter,1,23.92
Villa,1,1,1.8,6.5,21.5,1.47,0.31,5.4,0.4,3.9,3,28.6,Sunday,Spring,0,17.44
Independent House,7,5,0.025,12.6,20.8,0.92,1.78,9.8,3.3,2.8,10,10.8,Saturday,Winter,0,13.73
Independent House,5,2,13.1,11.6,23.7,0.31,0.73,7.6,0.5,6.2,7,42.2,Monday,Summer,1,29.69
Villa,5,3,14.2,14.1,24.0,1.25,0.38,6.1,0.3,4.6,7,44.6,Friday,Summer,1,46.76
Independent House,7,5,0.5,14.9,20.5,0.58,0.83,8.4,0.7,6.0,10,20.3,Tuesday,Spring,1,12.95
Apartment,8,3,6.0,15.3,23.0,0.47,1.13,8.2,0.2,1.8,10,27.4,Tuesday,Spring,1,17.4
Apartment,6,2,0.8,7.6,24.0,0.41,1.05,7.0,0.0,6.0,7,23.4,Tuesday,Spring,1,7.14
Apartment,5,4,7.8,11.3,20.9,1.26,1.73,6.4,0.5,3.6,8,40.2,Saturday,Summer,0,18.76
Apartment,6,5,0.2,16.0,23.0,1.01,1.15,8.2,0.5,0.9,8,22.0,Monday,Autumn,1,8.6
Independent House,1,1,0.03,10.7,22.5,0.79,0.53,8.8,6.1,2.7,5,12.7,Thursday,Winter,1,16.23
Apartment,1,1,6.3,16.0,24.0,1.02,0.82,4.4,0.2,5.6,5,29.9,Sunday,Autumn,0,16.13
Independent House,7,6,5.0,13.5,18.5,0.63,1.08,7.8,0.1,6.4,10,31.9,Tuesday,Spring,1,21.65
Villa,8,5,7.6,11.9,21.4,0.61,1.75,5.5,0.3,3.3,11,38.9,Tuesday,Summer,1,28.33
Villa,2,1,0.5,11.8,22.1,0.48,1.36,6.8,0.9,6.3,5,26.5,Wednesday,Spring,1,13.95
Independent House,2,2,0.0,9.4,20.5,1.14,1.63,8.4,6.4,7.8,6,8.8,Saturday,Winter,0,18.15
Apartment,7,4,0.034999999999999996,12.3,21.6,0.98,2.29,9.8,8.6,1.6,9,8.0,Monday,Winter,1,18.24
Independent House,2,1,0.0,10.5,23.1,0.36,1.35,7.4,0.3,4.2,3,21.3,Thursday,Autumn,1,7.52
Apartment,3,2,3.2,12.6,21.6,1.11,2.12,6.4,0.4,4.5,3,27.0,Monday,Autumn,1,13.82
Apartment,5,3,1.6,8.4,24.0,1.35,0.67,5.7,0.0,8.1,9,26.8,Sunday,Autumn,0,10.31
Independent House,2,1,2.5,14.8,22.1,1.46,1.31,4.6,0.4,5.1,5,20.7,Monday,Autumn,1,14.94
Apartment,8,5,0.5,15.4,21.1,0.04,1.39,6.9,0.3,3.7,12,18.4,Wednesday,Autumn,1,12.77
Independent House,2,1,7.6,6.9,22.8,0.15,1.28,8.3,0.3,4.1,6,37.3,Tuesday,Summer,0,19.85
Independent House,1,1,2.1,11.3,21.6,0.74,0.5,8.4,0.2,7.0,3,25.7,Saturday,Autumn,0,8.96
Independent House,2,1,3.1,15.7,21.4,0.93,0.14,6.3,0.4,6.1,4,28.5,Wednesday,Spring,1,12.69
Villa,3,1,0.015,7.3,21.8,1.67,1.34,5.8,3.5,3.8,3,16.7,Saturday,Winter,0,16.35
Independent House,5,2,0.125,5.5,20.8,1.2,1.05,3.2,3.3,4.7,7,20.0,Sunday,Winter,0,11.54
Villa,2,1,9.1,13.9,21.6,0.47,0.84,8.0,0.1,6.6,4,42.5,Saturday,Summer,0,31.62
Apartment,2,2,0.05500000000000001,8.3,20.8,0.41,1.21,6.6,4.9,4.9,4,17.9,Sunday,Winter,0,11.92
Apartment,2,2,13.6,15.6,21.0,0.56,1.34,5.8,0.4,5.6,6,44.2,Friday,Summer,1,22.92
Villa,2,1,2.0,12.5,21.6,0.08,0.39,5.6,0.0,1.7,5,21.1,Friday,Spring,1,11.52
Apartment,6,3,3.0,12.2,22.4,0.79,1.72,7.7,0.6,3.4,8,20.3,Friday,Autumn,1,10.71
Apartment,4,4,8.6,9.9,23.6,0.4,0.99,5.0,0.3,2.4,8,38.4,Sunday,Summer,0,21.28
Villa,8,5,4.4,14.0,21.8,0.68,1.38,6.8,0.5,2.8,12,20.9,Tuesday,Autumn,1,26.01
Apartment,4,3,0.145,9.4,23.1,0.38,1.41,4.4,5.5,6.0,7,13.5,Friday,Winter,1,11.46
Independent House,7,5,0.11000000000000001,13.9,24.0,0.6,2.14,4.2,5.0,4.5,11,17.7,Thursday,Winter,1,20.52
Villa,6,1,5.1,11.8,23.0,0.98,1.14,5.6,0.0,4.9,4,27.2,Friday,Autumn,1,20.4
Independent House,8,5,0.15500000000000003,11.4,23.5,1.0,0.77,8.5,5.7,7.1,12,10.4,Thursday,Winter,1,18.78
Apartment,5,4,12.8,13.5,21.9,0.47,1.91,6.2,0.5,4.2,7,44.1,Friday,Summer,1,26.11
Independent House,2,1,10.9,15.7,23.4,0.77,0.77,7.5,0.4,5.9,4,39.4,Sunday,Summer,0,27.19
Villa,4,3,5.0,17.4,21.4,1.22,1.42,9.0,0.0,4.8,6,32.5,Friday,Summer,1,22.32
Independent House,6,4,1.2,6.4,21.7,0.55,0.72,9.4,0.2,7.4,9,18.1,Tuesday,Autumn,1,11.68
Independent House,6,4,0.6,12.3,22.1,0.0,1.91,8.2,0.0,3.2,10,27.0,Friday,Spring,1,12.1
Apartment,2,1,0.0,13.3,22.8,0.4,1.17,,0.4,7.7,5,,Wednesday,Spring,1,8.43
Independent House,3,3,0.0,9.0,21.0,1.03,1.38,8.4,0.1,8.4,6,21.1,Monday,Spring,1,9.46
Independent House,8,5,0.07500000000000001,10.4,21.9,1.16,0.55,6.0,4.8,4.6,12,9.1,Sunday,Winter,0,19.49
Apartment,8,5,0.205,11.6,22.1,1.18,1.02,,5.0,3.7,12,18.2,Sunday,Winter,0,15.04
Villa,6,4,0.10500000000000001,9.9,20.3,0.0,1.17,5.9,4.3,5.9,7,13.0,Tuesday,Winter,1,19.65
Apartment,7,6,13.9,13.1,21.5,0.63,1.57,9.9,0.0,4.8,11,45.2,Wednesday,Summer,1,27.11
Apartment,4,3,8.1,11.5,23.4,1.25,1.27,6.5,0.7,6.8,7,37.5,Saturday,Summer,0,19.8
Independent House,8,4,9.1,15.6,20.1,0.11,1.99,10.0,1.2,5.0,9,33.9,Tuesday,Summer,1,27.46
Apartment,3,1,1.0,8.8,24.0,0.96,1.67,8.5,0.5,3.8,6,,Sunday,Spring,0,10.02
Independent House,7,4,4.4,6.8,19.4,1.43,1.72,8.4,1.0,6.2,8,27.8,Saturday,Autumn,0,15.61
Villa,1,2,11.6,14.8,21.6,0.66,1.36,5.4,0.3,6.9,5,45.1,Saturday,Summer,0,31.25
Independent House,6,4,0.095,8.7,23.9,1.33,0.18,6.9,4.0,3.4,10,15.2,Saturday,Winter,0,15.05
Apartment,1,1,0.0,17.7,23.2,0.98,1.0,6.2,0.8,1.4,3,22.2,Wednesday,Autumn,1,5.85
Apartment,8,4,8.6,5.4,24.0,1.46,1.44,,0.6,5.4,10,37.3,Sunday,Summer,0,20.14
Apartment,1,2,4.1,10.8,23.0,0.68,1.38,8.0,0.0,6.3,3,29.9,Thursday,Spring,1,12.68
Apartment,8,3,1.8,5.6,22.0,0.71,0.43,6.6,0.0,3.5,11,23.0,Thursday,Autumn,1,9.08
Independent House,3,2,3.0,13.4,22.5,1.01,1.09,7.5,0.7,5.4,5,29.0,Tuesday,Autumn,1,14.75
Independent House,4,3,13.8,8.4,20.3,0.53,0.87,6.2,0.4,3.5,7,42.6,Wednesday,Summer,1,29.58
Independent House,1,1,0.0,11.8,20.4,0.95,1.21,6.2,0.0,7.0,4,20.6,Sunday,Autumn,0,7.3
Independent House,8,5,0.4,9.2,22.2,0.98,1.72,8.8,0.5,2.2,12,19.8,Wednesday,Autumn,0,12.63
Apartment,3,2,0.0,5.5,24.0,0.22,0.86,5.3,5.1,0.6,5,9.2,Tuesday,Winter,0,11.54
Apartment,4,2,0.04000000000000001,7.2,24.0,0.5,0.93,6.3,3.0,5.8,6,16.2,Tuesday,Winter,1,11.79
Apartment,8,6,6.1,8.0,23.1,0.1,1.54,9.3,0.4,2.2,12,34.4,Wednesday,Summer,1,17.55
Apartment,4,3,0.07500000000000001,8.8,18.3,0.63,1.45,8.4,3.2,4.4,7,9.7,Friday,Winter,1,10.35
Apartment,1,1,0.0,5.9,22.3,1.3,1.29,7.1,0.0,7.5,5,25.8,Sunday,Autumn,0,6.73
Independent House,3,1,11.1,16.8,22.4,0.65,1.41,8.4,0.0,8.6,4,43.2,Tuesday,Summer,1,26.07
Apartment,8,4,,14.2,23.5,1.26,0.49,7.4,0.1,6.8,10,34.2,Sunday,Summer,0,19.7
Apartment,2,1,0.0,10.0,24.0,0.9,0.76,8.4,5.4,5.5,4,14.8,Thursday,Winter,0,12.11
Apartment,4,3,2.9,7.6,24.0,0.43,1.03,6.6,1.4,8.2,7,20.3,Thursday,Spring,1,18.2
Independent House,1,1,11.5,11.0,22.9,0.53,0.68,3.3,0.1,5.4,5,45.4,Sunday,Summer,0,26.87
Apartment,7,6,2.7,5.2,21.8,1.15,0.72,8.0,0.3,4.2,11,27.9,Saturday,Spring,0,11.44
Independent House,7,5,0.05500000000000001,13.8,20.9,1.74,1.35,6.8,3.2,4.9,10,19.8,Saturday,Winter,0,13.53
Apartment,1,1,1.4,11.8,19.6,0.23,0.64,6.0,0.0,3.8,3,23.8,Thursday,Autumn,1,7.72
Apartment,2,2,0.020000000000000004,2.2,18.5,0.31,1.41,6.3,6.1,7.9,4,18.7,Tuesday,Winter,1,15.96
Independent House,3,3,7.3,15.7,21.1,0.18,0.0,6.2,0.5,3.6,7,32.7,Friday,Summer,1,21.81
Independent House,5,2,3.9,9.5,24.0,0.07,1.38,4.3,0.3,4.3,5,28.7,Tuesday,Autumn,1,15.38
Apartment,4,3,11.7,12.5,22.0,1.14,0.66,6.9,0.0,5.6,8,43.2,Thursday,Summer,1,24.86
Villa,4,2,5.5,16.2,20.5,0.0,1.0,5.5,0.3,3.7,6,37.0,Wednesday,Summer,1,22.71
Apartment,1,1,9.1,13.4,21.4,0.57,1.49,6.4,0.5,6.8,3,41.8,Wednesday,Summer,1,18.5
Villa,3,2,3.8,10.1,21.7,1.17,0.94,6.2,0.0,6.0,5,28.5,Saturday,Spring,0,23.7
Apartment,8,7,3.5,2.2,21.4,0.0,1.78,8.6,0.1,2.2,13,28.5,Monday,Autumn,1,11.84
Apartment,3,2,9.2,12.7,21.1,0.52,1.47,6.7,0.2,0.7,5,39.5,Tuesday,Summer,1,17.68
Apartment,4,4,0.7,14.7,24.0,0.7,0.87,10.4,0.4,5.7,7,21.4,Thursday,Autumn,1,11.09
Apartment,8,4,13.7,16.5,19.0,1.06,0.7,8.3,0.0,3.2,13,42.2,Friday,Summer,0,26.55
Villa,3,1,4.1,16.1,22.3,1.32,1.75,7.1,0.4,2.9,3,29.1,Friday,Spring,1,26.14
Apartment,1,1,5.0,9.4,22.1,0.72,1.13,6.1,0.1,4.0,3,33.4,Tuesday,Summer,1,13.32
Apartment,8,5,8.3,10.3,23.5,0.45,1.02,6.0,0.2,3.3,13,38.8,Sunday,Summer,0,20.45
Villa,7,5,0.145,8.9,21.5,0.74,2.31,7.6,7.5,2.9,10,10.3,Friday,Winter,1,28.73
Apartment,7,3,0.195,6.9,22.4,0.4,0.73,9.1,3.9,1.7,8,13.5,Friday,Winter,1,11.51
Independent House,4,4,11.8,16.7,24.0,1.24,0.61,9.1,0.1,5.3,8,43.1,Saturday,Summer,0,28.37
Villa,2,2,0.0,12.4,19.6,0.16,0.39,3.5,5.9,6.7,5,8.2,Thursday,Winter,1,22.42
Independent House,3,2,0.265,9.4,20.0,0.82,1.36,5.8,5.8,3.7,5,16.3,Tuesday,Winter,0,14.24
Apartment,4,2,9.2,8.5,21.4,0.25,1.92,6.9,0.2,5.7,6,37.9,Sunday,Summer,0,19.48
Independent House,4,3,0.5,9.8,22.6,0.78,0.31,5.4,0.0,2.7,7,27.3,Friday,Spring,1,9.32
Independent House,8,5,1.4,6.4,23.6,0.75,0.85,5.3,0.5,7.2,9,26.1,Saturday,Spring,0,13.99
Independent House,7,5,3.9,10.4,23.9,0.28,1.57,7.0,0.0,3.9,10,20.7,Sunday,Autumn,0,18.15
Independent House,4,2,14.2,10.9,20.3,0.0,0.62,2.5,0.3,2.5,6,44.2,Wednesday,Summer,1,35.1
Apartment,8,4,8.4,11.0,23.0,0.28,1.5,6.6,0.0,7.7,10,35.6,Friday,Summer,1,20.34
Apartment,4,1,4.7,17.6,21.9,1.47,0.89,6.0,0.0,8.0,6,31.7,Saturday,Spring,0,17.48
Independent House,8,6,0.0,12.6,21.7,0.34,0.49,7.6,4.4,3.3,12,10.2,Friday,Winter,1,17.14
Apartment,6,3,7.7,14.1,21.5,1.23,0.13,6.3,0.2,3.8,9,38.9,Sunday,Summer,0,15.98
Apartment,8,5,0.0,9.3,22.1,0.27,0.88,7.6,0.0,4.9,10,22.4,Friday,Spring,1,9.75
Apartment,5,5,6.8,11.5,20.6,0.49,2.05,7.5,0.9,4.4,11,40.2,Tuesday,Summer,0,18.85
Independent House,3,2,7.5,9.1,21.9,1.26,0.71,6.7,0.0,0.9,7,38.2,Saturday,Summer,0,20.69
Apartment,7,5,2.8,7.1,21.2,0.21,1.37,6.7,0.7,5.8,9,,Thursday,Spring,1,14.49
Apartment,6,4,0.11000000000000001,13.8,20.7,1.24,0.88,8.9,8.2,5.9,8,19.0,Friday,Winter,1,16.86
Apartment,5,2,4.5,12.2,21.5,0.21,1.0,6.2,0.5,6.3,6,29.9,Tuesday,Autumn,1,13.3
Apartment,3,1,1.4,11.5,20.7,1.21,0.5,7.1,0.1,4.8,3,18.8,Sunday,Autumn,0,8.8
Apartment,5,5,0.0,8.1,22.6,0.56,1.15,10.6,0.1,4.4,10,18.1,Thursday,Autumn,1,9.15
Apartment,7,5,0.065,14.5,23.8,0.97,1.45,8.7,1.8,5.4,10,14.0,Wednesday,Winter,1,10.72
Villa,8,5,,15.0,24.0,0.72,0.67,8.1,0.4,4.8,11,37.5,Thursday,Summer,1,34.38
Independent House,1,2,0.0,9.4,20.1,0.58,1.65,6.1,5.7,7.0,3,14.7,Monday,Winter,1,13.2
Apartment,2,1,8.4,14.6,22.8,0.19,1.43,6.0,0.1,1.1,4,39.4,Tuesday,Summer,1,17.94
Independent House,5,3,0.0,15.3,24.0,0.0,1.17,8.5,0.6,2.0,8,22.7,Monday,Spring,1,39.008
Independent House,6,5,0.11499999999999999,11.5,20.8,1.09,0.64,8.4,7.6,4.0,11,19.1,Tuesday,Winter,1,20.37
Apartment,6,3,0.16000000000000003,10.1,21.6,0.98,0.74,6.8,4.0,2.8,6,17.8,Monday,Winter,1,9.39
Independent House,3,3,8.2,12.2,23.8,0.0,1.07,3.9,0.0,2.7,7,40.2,Thursday,Summer,1,22.56
Apartment,8,7,9.0,16.3,19.9,0.45,1.35,7.0,0.0,5.6,13,36.5,Monday,Summer,1,18.23
Apartment,7,4,1.0,4.6,20.2,0.81,1.11,6.7,0.0,2.7,11,24.5,Saturday,Spring,0,9.48
Independent House,3,1,2.8,5.6,23.6,0.02,0.62,7.4,0.0,5.3,4,29.1,Tuesday,Spring,1,10.85
Apartment,1,1,0.03,13.6,23.6,1.49,0.61,,7.9,5.5,3,14.3,Saturday,Winter,0,17.06
Apartment,7,5,6.6,11.1,22.0,0.53,1.41,7.8,0.5,5.4,11,32.5,Monday,Summer,0,17.77
Apartment,8,5,5.9,13.6,23.6,0.21,0.87,8.5,0.5,5.2,9,29.2,Thursday,Autumn,1,14.22
Apartment,6,4,0.125,9.3,21.8,0.53,1.95,6.7,7.7,4.9,8,,Monday,Winter,1,15.01
Apartment,6,3,7.5,6.2,23.4,0.65,0.5,7.1,0.2,3.7,10,37.5,Monday,Summer,1,59.712
Independent House,5,2,9.3,12.9,19.9,0.25,0.85,8.3,0.2,3.5,4,37.6,Wednesday,Summer,0,24.14
Apartment,4,4,0.065,15.7,24.0,0.82,0.65,5.4,10.0,1.7,9,14.1,Wednesday,Winter,1,14.38
Apartment,1,1,8.0,8.6,21.9,0.3,0.51,8.4,0.8,7.2,4,40.8,Friday,Summer,1,14.95
Apartment,2,2,0.0,13.0,21.7,0.38,1.0,9.0,6.3,3.7,7,11.5,Wednesday,Winter,1,12.52
Apartment,8,6,12.0,13.7,22.7,0.67,0.79,7.3,0.4,7.0,10,40.8,Wednesday,Summer,1,27.04
Apartment,2,2,0.0,10.4,23.2,0.36,1.44,4.8,5.7,5.4,6,9.5,Monday,Winter,0,14.86
Independent House,2,2,6.3,10.1,24.0,0.86,0.6,4.9,0.8,5.1,3,33.9,Sunday,Summer,0,20.17
Villa,5,4,10.7,7.6,22.0,0.74,1.52,7.8,0.0,2.9,7,39.5,Tuesday,Summer,1,31.26
Independent House,3,2,0.005000000000000001,9.3,20.4,1.55,0.97,6.0,4.3,4.8,5,9.3,Saturday,Winter,0,14.36
Independent House,8,5,0.065,9.5,21.3,0.83,1.07,6.6,3.8,5.1,11,17.1,Saturday,Winter,0,15.42
Apartment,8,7,,13.7,19.9,1.03,1.58,7.4,0.0,5.0,13,40.8,Friday,Summer,0,28.19
Independent House,8,5,1.7,11.3,21.5,0.0,1.41,6.4,0.0,0.4,10,19.0,Friday,Autumn,1,11.0
Independent House,8,6,13.4,8.1,24.0,0.56,1.36,7.4,0.0,4.8,10,35.3,Thursday,Summer,1,33.34
Apartment,3,3,0.0,8.5,20.2,0.51,0.5,3.3,0.0,8.2,9,,Friday,Spring,1,5.61
Apartment,6,4,0.18500000000000003,9.3,21.5,0.37,1.09,4.5,5.1,0.8,10,11.0,Thursday,Winter,1,12.33
Villa,2,1,11.0,14.9,23.6,1.15,1.38,4.7,0.4,4.0,4,41.0,Monday,Summer,1,31.09
Apartment,5,4,6.0,8.9,22.6,0.43,0.71,5.2,0.0,5.5,8,33.9,Tuesday,Summer,1,19.91
Independent House,4,2,0.0,14.1,21.8,1.02,1.61,6.1,4.3,8.3,4,16.7,Saturday,Winter,0,18.42
Apartment,5,4,0.09000000000000001,11.6,24.0,0.42,0.37,5.5,6.4,2.0,7,14.8,Monday,Winter,1,13.72
Apartment,2,2,0.6,10.9,22.5,1.14,1.04,8.7,0.4,3.6,5,23.7,Saturday,Autumn,0,7.99
Independent House,5,3,9.4,12.0,19.4,0.47,1.27,4.4,0.4,4.0,8,34.9,Monday,Summer,1,19.4
Apartment,6,4,0.0,11.4,21.8,0.74,1.56,6.8,4.7,3.9,10,16.3,Friday,Winter,1,15.43
Apartment,5,3,3.4,3.7,21.0,0.64,1.46,9.1,0.0,3.1,7,,Friday,Spring,1,13.06
Independent House,5,2,0.05,10.7,19.9,0.11,0.86,5.2,2.2,2.3,7,15.4,Monday,Winter,1,13.25
Villa,5,4,8.2,11.8,20.4,0.26,0.95,6.7,0.4,6.4,8,41.5,Sunday,Summer,0,25.97
Apartment,1,1,9.5,15.3,24.0,0.87,0.21,7.3,0.4,1.9,3,40.7,Friday,Summer,1,20.12
Apartment,4,2,11.1,11.7,21.7,0.0,1.14,8.2,0.5,4.4,8,42.9,Thursday,Summer,1,23.72
Apartment,3,2,8.1,14.0,21.2,0.44,1.37,7.3,0.2,4.1,5,34.1,Thursday,Summer,1,17.6
Apartment,5,3,12.0,14.7,21.6,0.64,1.29,5.9,0.0,3.7,9,43.3,Sunday,Summer,0,23.2
Apartment,1,1,0.0,19.6,23.9,0.4,2.07,9.0,4.7,2.4,3,16.8,Thursday,Winter,1,10.26
Independent House,2,1,10.7,12.4,23.7,1.34,1.34,4.8,0.0,4.8,4,43.4,Wednesday,Summer,1,22.63
Independent House,1,2,0.0,9.8,21.4,0.69,1.27,8.3,0.1,7.1,5,24.1,Tuesday,Autumn,1,10.17
Independent House,1,1,0.7,7.9,20.5,0.96,1.87,7.2,0.4,6.3,5,19.7,Sunday,Autumn,0,9.12
Independent House,6,4,0.025,12.3,17.9,1.01,2.23,6.4,6.9,8.5,9,17.9,Sunday,Winter,0,20.82
Apartment,8,5,0.15500000000000003,12.5,22.3,0.55,1.14,8.2,6.8,2.6,11,8.4,Wednesday,Winter,1,13.07
Villa,7,4,0.215,9.8,22.1,0.83,0.35,7.5,3.5,8.1,10,19.3,Saturday,Winter,0,20.3
Independent House,5,3,1.2,6.6,20.7,0.02,1.35,6.9,0.0,0.0,7,21.2,Tuesday,Spring,1,8.18
Apartment,6,4,0.1,11.7,18.5,0.57,0.42,8.4,7.0,4.7,8,13.6,Thursday,Winter,1,15.84
Apartment,4,2,0.195,11.5,21.3,0.7,1.74,7.1,7.0,6.8,7,12.6,Sunday,Winter,0,16.69
Villa,6,3,0.0,7.0,23.0,0.78,1.45,5.6,0.5,3.7,9,23.0,Thursday,Autumn,1,14.93
Independent House,3,2,0.045000000000000005,14.7,21.9,0.04,1.65,8.5,4.9,1.1,6,15.8,Friday,Winter,0,15.57
Independent House,7,5,1.3,15.1,23.0,0.17,0.06,10.6,0.0,6.4,11,21.6,Thursday,Autumn,0,14.12
Independent House,6,3,10.7,11.8,22.2,0.66,0.47,6.1,0.5,5.9,8,,Friday,Summer,1,23.88
Independent House,3,2,12.6,8.5,22.3,0.0,1.14,9.0,0.6,0.5,6,42.8,Tuesday,Summer,1,25.77
Independent House,4,2,1.2,19.3,23.6,0.78,1.99,7.4,0.0,5.8,5,22.6,Monday,Autumn,1,13.19
Villa,2,1,0.2,8.5,23.1,1.02,1.43,2.9,0.7,4.8,3,18.6,Thursday,Autumn,1,12.45
Independent House,4,3,11.4,15.9,24.0,0.0,1.91,6.2,0.4,5.3,5,40.0,Friday,Summer,1,27.79
Independent House,8,5,12.6,13.0,24.0,0.04,1.22,8.1,1.1,2.7,11,41.7,Tuesday,Summer,0,32.8
Apartment,4,2,2.5,11.7,21.7,1.22,0.73,8.4,0.0,5.7,4,26.2,Sunday,Autumn,0,12.3
Independent House,7,3,13.6,11.3,21.9,1.1,1.65,6.5,0.3,5.7,8,45.6,Friday,Summer,1,34.09
Apartment,2,2,2.6,13.2,19.8,0.28,0.45,6.3,0.5,1.8,4,23.3,Wednesday,Spring,1,11.02
Apartment,2,1,0.0,7.8,24.0,0.41,0.97,4.0,4.8,8.0,5,15.2,Sunday,Winter,0,14.62
Apartment,2,1,0.045000000000000005,4.6,23.0,0.21,1.59,5.8,6.1,3.9,3,15.1,Wednesday,Winter,1,11.67
Independent House,7,6,0.6,10.1,21.4,0.25,0.9,5.5,1.2,7.6,10,20.0,Thursday,Spring,1,12.51
Independent House,2,1,0.1,5.1,22.0,0.31,0.54,8.8,7.2,5.8,3,17.7,Friday,Winter,1,15.35
Independent House,2,2,10.3,15.0,20.9,0.65,1.35,4.8,0.5,2.1,6,43.8,Wednesday,Summer,1,22.4
Villa,7,5,1.3,9.1,20.3,1.27,1.57,6.3,0.0,3.1,10,21.8,Saturday,Spring,0,14.41
Independent House,4,2,10.9,10.3,22.9,0.77,1.1,8.9,0.6,5.1,5,41.1,Monday,Summer,1,25.67
Independent House,4,2,3.4,6.5,21.8,0.91,0.5,9.6,0.0,3.4,5,26.9,Friday,Spring,1,11.41
Apartment,2,2,0.005000000000000001,7.1,24.0,0.51,0.93,4.9,7.7,7.7,6,18.3,Thursday,Winter,1,14.7
Independent House,6,4,0.11499999999999999,8.4,23.8,0.77,1.4,,5.5,5.8,9,16.4,Saturday,Winter,0,16.62
Apartment,5,3,7.3,13.2,21.4,1.39,0.72,8.5,0.4,0.9,8,36.1,Thursday,Summer,1,19.66
Apartment,4,4,8.9,11.2,22.2,0.14,0.48,6.9,0.0,7.5,8,33.9,Monday,Summer,1,18.83
Apartment,6,4,3.2,7.7,24.0,0.28,0.33,6.8,0.4,5.7,8,22.9,Wednesday,Autumn,1,12.67
Apartment,8,5,0.065,9.6,20.5,0.92,1.04,6.0,5.1,7.6,9,,Saturday,Winter,0,13.91
Apartment,3,1,0.3,13.8,23.9,1.25,1.63,4.4,0.3,6.9,3,27.1,Sunday,Spring,0,9.8
Independent House,4,3,0.0,4.5,21.2,1.19,0.78,,3.7,5.1,8,16.1,Saturday,Winter,0,11.8
Villa,8,5,1.7,10.6,20.6,0.62,1.04,7.7,0.4,7.1,13,22.8,Friday,Spring,1,17.28
Independent House,4,2,0.020000000000000004,14.5,22.8,0.7,1.68,5.6,4.4,2.9,7,9.8,Friday,Winter,0,12.63
Independent House,8,5,9.9,11.3,23.4,0.94,0.99,5.4,0.5,9.9,10,38.1,Thursday,Summer,1,27.22
Apartment,8,6,13.6,6.4,23.8,0.08,1.09,9.7,0.0,6.5,13,44.2,Thursday,Summer,0,25.84
Apartment,7,6,7.7,14.3,21.1,1.07,1.1,8.6,0.0,4.4,12,29.1,Tuesday,Autumn,1,19.0
Apartment,1,1,6.8,9.6,23.4,0.97,1.31,6.5,0.0,4.6,3,33.2,Saturday,Summer,0,15.93
Villa,1,1,0.0,8.0,22.0,0.84,0.95,3.6,0.0,9.6,5,22.3,Monday,Autumn,1,10.48
Villa,1,1,5.6,12.4,20.5,0.45,0.66,6.3,0.0,3.8,3,36.5,Monday,Summer,1,19.83
Independent House,6,4,5.2,12.3,22.4,0.62,0.51,10.2,0.0,3.3,9,29.5,Monday,Spring,0,19.19
Independent House,2,1,2.8,5.9,19.5,1.03,1.69,5.9,0.2,12.2,3,28.0,Sunday,Autumn,0,12.01
Apartment,2,1,6.9,14.4,21.1,0.05,1.42,8.6,0.1,1.7,4,38.3,Thursday,Summer,1,16.3
Apartment,2,2,5.8,10.8,24.0,1.05,1.02,7.3,0.2,4.1,4,32.0,Friday,Spring,1,12.62
Independent House,7,3,,11.6,19.1,0.46,0.86,7.9,3.1,1.2,8,8.6,Thursday,Winter,1,11.74
Independent House,5,3,4.1,6.7,19.9,0.83,1.25,6.9,0.6,4.8,8,29.4,Sunday,Autumn,0,19.1
Villa,4,2,5.8,11.5,21.6,0.82,2.16,5.5,0.9,2.3,6,32.9,Friday,Summer,1,25.97
Independent House,3,1,4.9,7.7,19.0,0.19,1.68,7.2,0.4,3.0,6,30.5,Thursday,Spring,1,15.2
Apartment,7,5,5.2,12.0,22.7,0.0,1.03,9.2,0.0,1.1,11,33.7,Friday,Summer,1,15.35
Independent House,7,4,10.0,11.1,20.2,0.68,2.27,8.6,0.3,6.3,11,42.0,Friday,Summer,1,26.64
Apartment,8,4,8.5,8.0,24.0,1.53,1.99,5.5,0.2,5.1,11,39.1,Saturday,Summer,0,21.19
Apartment,5,2,11.0,14.5,21.5,0.81,1.31,5.9,0.0,2.7,8,40.5,Thursday,Summer,1,22.99
Villa,2,1,6.6,17.9,22.5,0.81,1.4,4.0,0.1,1.4,5,33.5,Friday,Summer,1,24.8
Apartment,3,2,10.8,10.1,21.3,0.0,1.72,3.9,0.0,2.8,5,44.5,Monday,Summer,1,19.4
Apartment,5,5,13.0,5.6,22.8,1.31,1.21,6.4,0.3,3.0,10,45.2,Wednesday,Summer,1,22.61
Villa,7,4,0.0,8.4,23.6,1.1,0.42,5.7,0.0,3.5,9,22.5,Saturday,Autumn,0,15.79
Independent House,1,1,9.7,10.3,23.2,0.97,1.14,5.0,0.2,3.6,3,39.8,Tuesday,Summer,1,24.91
Apartment,3,3,4.2,6.9,21.9,0.08,1.48,4.6,0.1,5.2,7,30.6,Thursday,Spring,1,13.25
Apartment,6,4,5.8,9.9,24.0,0.97,1.47,7.3,0.1,3.2,10,35.4,Friday,Summer,0,13.61
Independent House,1,2,1.8,3.9,19.9,0.86,0.79,8.8,0.3,3.8,4,26.5,Monday,Spring,1,13.66
Villa,1,1,9.1,12.2,21.0,1.01,0.9,4.8,0.4,4.8,3,40.2,Monday,Summer,1,28.58
Independent House,2,1,13.3,18.4,23.8,1.09,0.98,4.3,0.5,4.9,4,45.2,Tuesday,Summer,1,30.6
Apartment,1,1,0.005000000000000001,14.7,20.9,1.25,0.35,7.1,5.3,7.6,4,15.5,Sunday,Winter,0,12.19
Apartment,2,1,2.0,13.2,24.0,0.84,1.54,5.5,0.0,5.4,6,25.0,Thursday,Spring,1,8.71
Apartment,1,1,3.8,9.4,23.6,0.31,1.39,5.8,0.0,1.3,3,28.9,Monday,Autumn,1,12.2
Independent House,5,4,7.3,9.1,21.9,1.05,1.56,6.7,0.0,6.2,12,34.2,Sunday,Summer,0,21.31
Apartment,7,3,5.6,10.4,20.8,0.22,0.56,6.6,0.0,3.0,8,36.6,Tuesday,Summer,1,15.45
Apartment,8,5,11.2,7.8,22.5,0.47,1.34,9.2,0.2,5.0,12,42.7,Sunday,Summer,0,19.93
Apartment,8,4,9.7,8.6,23.3,1.27,0.89,7.7,0.0,5.6,9,41.0,Tuesday,Summer,1,20.68
Independent House,5,2,3.9,8.5,21.6,0.73,1.41,7.1,0.1,3.5,6,18.5,Wednesday,Autumn,1,15.46
Apartment,2,1,2.0,15.8,22.5,0.33,1.18,6.1,0.2,4.0,4,23.4,Monday,Autumn,1,9.02
Independent House,3,3,0.07500000000000001,12.2,22.1,0.55,2.27,3.7,5.5,4.8,6,15.5,Friday,Winter,1,13.55
Independent House,5,3,5.5,13.6,21.0,1.09,0.68,7.1,0.5,7.4,4,25.2,Sunday,Autumn,0,18.96
Independent House,4,2,2.3,7.0,21.4,1.13,1.03,9.3,0.0,5.6,6,22.4,Saturday,Autumn,0,12.0
Independent House,4,2,0.10500000000000001,9.9,20.7,0.82,0.76,,8.2,3.1,5,10.1,Sunday,Winter,0,16.76
Independent House,2,1,8.3,7.9,23.1,0.86,1.43,8.3,0.7,4.4,5,36.5,Monday,Summer,0,17.61
Apartment,8,6,0.0,9.4,24.0,0.02,0.89,4.8,0.0,4.9,13,21.3,Monday,Spring,1,10.03
Independent House,6,4,0.16000000000000003,6.9,23.2,0.34,0.0,6.7,4.4,7.5,8,15.0,Friday,Winter,1,14.34
Apartment,2,1,0.015,8.6,20.4,0.28,0.63,5.3,6.7,1.5,4,12.1,Wednesday,Winter,1,12.97
Independent House,1,1,0.9,9.8,24.0,1.13,1.72,7.2,0.3,0.3,4,23.6,Tuesday,Autumn,1,9.51
Apartment,1,1,,12.1,20.0,0.62,0.69,4.5,0.9,0.1,3,26.0,Wednesday,Spring,1,7.35
Apartment,5,3,0.135,13.6,21.9,1.09,0.5,7.6,5.3,6.5,6,18.7,Sunday,Winter,0,13.2
Apartment,2,1,0.0,11.9,22.1,0.54,0.79,5.7,0.0,3.6,3,23.0,Wednesday,Autumn,1,5.74
Apartment,4,3,11.1,12.2,21.7,1.47,1.13,5.0,0.1,8.2,7,43.4,Saturday,Summer,0,21.0
Apartment,1,1,,8.2,19.1,1.01,0.74,7.4,0.4,7.6,4,28.2,Saturday,Autumn,0,5.71
Apartment,8,6,6.9,9.1,24.0,0.35,1.03,7.5,0.0,4.0,12,23.1,Thursday,Spring,1,17.67
Villa,4,2,0.0,9.8,21.5,1.51,1.52,5.8,5.4,5.9,6,10.6,Saturday,Winter,0,22.52
Apartment,6,3,0.2,12.7,23.1,0.67,1.39,5.5,4.2,6.6,8,14.0,Wednesday,Winter,1,13.14
Apartment,4,2,2.3,7.7,21.3,0.53,0.45,4.9,0.2,5.3,6,22.2,Monday,Autumn,1,11.19
Independent House,5,2,0.17500000000000002,7.6,22.1,0.38,0.76,6.8,8.6,1.7,5,9.3,Wednesday,Winter,1,17.65
Independent House,3,3,0.0,10.2,22.0,1.34,1.46,7.0,0.2,5.9,6,20.8,Saturday,Autumn,0,10.93
Apartment,1,1,14.4,15.4,21.9,0.38,1.27,4.6,0.6,3.5,6,44.6,Wednesday,Summer,1,23.22
Independent House,8,5,0.22000000000000003,10.1,20.2,0.7,1.48,5.7,2.7,5.5,12,19.3,Tuesday,Winter,1,18.06
Apartment,1,1,0.0,10.7,20.8,0.51,1.35,6.3,0.0,4.0,3,19.4,Wednesday,Autumn,1,6.91
Independent House,7,4,12.3,14.8,23.1,1.07,1.02,5.1,0.0,7.6,11,43.2,Sunday,Summer,0,26.6
Apartment,8,4,14.8,14.9,22.1,0.96,0.55,6.0,0.5,4.0,10,43.8,Sunday,Summer,0,28.98
Independent House,7,4,0.06,9.7,20.5,0.68,1.3,5.4,9.6,3.2,7,8.2,Friday,Winter,1,21.98
Apartment,4,2,4.1,13.0,22.6,0.44,1.42,6.1,0.3,5.9,5,26.3,Friday,Autumn,1,14.1
Apartment,8,5,11.4,10.9,20.9,0.37,1.76,9.3,0.0,1.4,10,38.6,Monday,Summer,1,22.21
Apartment,4,2,6.2,12.2,19.6,0.8,0.46,9.7,0.5,4.8,7,33.6,Saturday,Summer,0,16.48
Independent House,3,2,0.04000000000000001,15.2,21.0,0.39,0.91,4.9,6.0,5.4,6,9.5,Friday,Winter,0,16.16
Independent House,3,2,1.4,8.8,21.2,0.69,1.07,9.2,0.0,4.7,4,28.7,Saturday,Spring,0,13.07
Independent House,4,4,0.0,6.1,20.5,0.73,0.67,6.6,0.5,2.6,8,19.0,Tuesday,Autumn,1,10.23
Apartment,3,2,12.2,12.1,21.3,0.72,1.56,6.0,0.6,7.9,5,41.5,Saturday,Summer,0,22.04
Independent House,8,6,7.3,9.5,23.4,0.64,0.92,9.6,0.0,9.0,12,32.0,Thursday,Spring,1,21.26
Villa,3,1,1.0,13.7,20.9,0.89,0.84,6.1,0.4,4.3,5,20.7,Tuesday,Spring,1,12.15
Independent House,5,4,11.6,8.7,21.7,0.61,1.33,7.3,0.0,3.0,8,44.1,Monday,Summer,1,22.69
Apartment,8,5,10.6,11.2,20.6,1.09,1.1,4.6,0.0,4.6,11,42.2,Friday,Summer,1,25.13
Apartment,8,6,2.4,18.1,24.0,0.83,1.29,7.8,0.0,4.9,11,23.2,Tuesday,Autumn,1,14.75
Apartment,5,3,0.0,7.1,22.2,0.77,1.41,7.1,0.0,8.5,8,24.8,Tuesday,Spring,1,6.58
Independent House,3,2,0.065,6.7,22.1,0.41,0.64,6.0,6.1,4.4,5,17.0,Friday,Winter,1,14.99
Independent House,5,3,7.5,10.6,24.0,1.04,0.83,3.7,0.3,4.8,6,37.6,Wednesday,Summer,1,23.37
Apartment,1,1,3.7,11.3,22.3,0.56,0.79,7.7,0.7,8.1,4,24.1,Monday,Spring,1,12.44
Apartment,4,1,0.095,9.4,21.3,1.5,1.5,4.8,3.8,9.6,4,17.8,Sunday,Winter,0,14.35
Independent House,4,2,9.2,13.3,24.0,0.46,1.22,8.1,0.6,1.2,6,38.0,Wednesday,Summer,1,28.03
Independent House,5,3,0.0,15.2,22.9,0.64,1.43,8.7,6.5,6.0,7,18.8,Sunday,Winter,0,15.19
Villa,2,2,4.8,7.4,21.4,0.44,0.25,7.0,0.7,2.9,5,30.3,Tuesday,Spring,1,17.87
Villa,7,5,1.6,5.5,23.2,0.53,1.56,2.2,0.9,4.4,11,20.2,Tuesday,Spring,1,23.5
Apartment,4,2,10.9,14.7,21.3,0.77,1.02,7.6,0.0,3.7,7,42.7,Monday,Summer,0,20.16
Apartment,3,2,7.6,11.1,23.7,0.75,0.74,7.2,0.1,2.4,5,39.4,Wednesday,Summer,0,17.05
Apartment,5,4,10.3,11.6,22.2,1.69,2.12,8.2,0.6,7.3,10,43.0,Saturday,Summer,0,24.08
Apartment,8,5,10.2,10.1,19.4,1.13,1.32,7.8,0.7,4.8,11,39.0,Wednesday,Summer,1,24.23
Villa,3,1,9.2,11.7,22.0,0.85,1.11,6.3,0.7,7.1,6,36.7,Tuesday,Summer,1,32.81
Villa,3,2,1.7,12.7,19.4,1.22,1.36,10.3,0.0,8.1,5,26.5,Saturday,Spring,0,18.37
Apartment,7,3,0.045000000000000005,9.2,24.0,0.49,1.38,7.8,7.9,0.6,9,11.2,Monday,Winter,1,14.62
Villa,2,1,0.06,2.0,21.9,0.94,0.49,6.5,4.8,4.1,3,15.0,Monday,Winter,1,17.95
Apartment,3,3,9.0,10.5,19.9,0.44,1.43,6.0,0.6,0.8,7,41.4,Wednesday,Summer,1,18.12
Independent House,2,2,4.8,19.3,23.1,0.57,1.6,5.8,0.0,0.6,6,32.6,Monday,Summer,1,14.88
Independent House,4,2,0.07500000000000001,10.5,21.2,0.0,0.99,4.5,7.8,2.3,6,8.8,Tuesday,Winter,1,19.08
Villa,1,1,7.7,18.3,21.3,0.74,0.19,5.6,0.0,0.9,4,38.3,Thursday,Summer,1,24.73
Apartment,4,3,3.7,15.0,21.8,0.0,1.71,6.1,0.1,4.6,8,28.4,Thursday,Spring,1,12.01
Villa,1,1,0.0,11.0,21.6,0.44,0.66,3.3,6.2,6.9,3,19.8,Tuesday,Winter,1,19.93
Apartment,3,2,6.8,10.7,22.8,0.33,0.94,5.9,0.4,8.8,4,35.4,Saturday,Summer,0,19.23
Independent House,8,5,0.0,12.9,21.9,1.24,0.96,9.6,0.2,4.0,9,23.7,Tuesday,Autumn,1,12.36
Apartment,2,1,0.05,10.5,20.4,1.27,1.61,7.0,4.2,5.6,4,17.6,Sunday,Winter,0,12.36
Independent House,5,4,2.1,8.6,23.2,1.1,0.86,6.5,0.9,1.9,8,20.1,Friday,Autumn,1,13.06
Independent House,1,1,1.1,9.6,22.0,0.99,1.5,6.1,0.0,5.2,5,28.0,Sunday,Autumn,0,10.77
Independent House,5,4,9.5,11.3,21.9,0.0,1.69,7.7,0.0,1.9,8,41.0,Friday,Summer,1,24.36
Apartment,6,4,0.0,14.5,21.8,0.0,0.86,8.3,5.5,5.8,8,10.2,Thursday,Winter,1,15.68
Independent House,7,2,0.7,12.7,20.3,1.18,1.71,7.0,0.2,5.0,8,26.0,Thursday,Autumn,1,13.06
Independent House,5,4,0.0,9.9,22.2,0.7,1.4,6.4,6.8,1.8,10,11.0,Friday,Winter,1,18.95
Villa,3,1,2.9,10.5,22.7,0.49,1.11,5.6,0.4,3.6,5,29.5,Tuesday,Autumn,1,20.14
Independent House,7,3,10.9,16.3,24.0,1.01,1.35,8.2,0.0,2.4,10,35.3,Friday,Summer,1,27.01
Independent House,3,2,0.0,9.4,21.4,0.24,0.62,5.7,0.1,3.4,5,22.1,Friday,Autumn,1,7.58
Independent House,2,2,2.4,5.7,21.7,0.0,1.27,4.6,0.2,6.1,6,25.5,Friday,Autumn,1,11.9
Independent House,7,5,0.005000000000000001,8.2,21.6,0.73,0.71,10.4,7.0,5.9,12,8.5,Tuesday,Winter,0,18.97
Apartment,2,1,0.0,3.4,21.8,0.68,1.2,7.3,0.3,4.1,5,22.9,Sunday,Autumn,0,5.54
Independent House,5,3,11.7,17.1,24.0,0.55,1.39,6.4,0.2,5.7,8,39.7,Monday,Summer,1,28.4
Villa,4,3,0.21000000000000002,9.4,22.9,0.0,1.82,5.9,2.4,5.8,7,13.6,Tuesday,Winter,1,19.87
Independent House,7,3,0.145,12.3,24.0,0.59,0.97,5.8,5.1,5.7,7,16.3,Saturday,Winter,0,17.27
Independent House,6,5,0.05,9.3,22.2,0.55,1.28,7.9,3.7,7.8,10,15.0,Sunday,Winter,0,14.89
Apartment,4,4,8.9,11.2,22.2,0.14,0.48,6.9,0.0,7.5,8,33.9,Monday,Summer,1,18.83
Apartment,6,4,8.6,11.2,20.4,0.71,1.38,9.1,0.9,0.5,8,38.2,Thursday,Summer,1,22.69
Independent House,2,2,0.0,8.7,24.0,1.3,0.01,7.3,0.0,3.6,4,21.9,Wednesday,Spring,1,7.4
Independent House,2,3,9.1,13.1,24.0,0.0,0.52,9.1,1.2,3.3,6,41.6,Monday,Summer,1,23.38
Independent House,5,2,1.1,11.2,19.3,0.89,1.0,5.2,0.1,4.3,6,21.8,Saturday,Spring,0,10.43
Independent House,1,2,11.2,11.3,21.3,0.85,0.91,5.1,0.0,7.2,5,42.7,Saturday,Summer,0,27.76
Independent House,7,4,0.05,13.0,24.0,0.92,1.56,6.8,7.5,5.0,8,10.5,Sunday,Winter,0,20.85
Apartment,5,3,0.04000000000000001,10.4,20.0,0.48,1.52,5.3,4.7,3.9,7,18.4,Tuesday,Winter,1,13.68
Apartment,2,2,0.0,9.9,21.4,0.44,1.95,5.0,0.3,4.5,6,26.4,Friday,Autumn,1,4.03
Apartment,2,1,4.8,12.2,20.0,0.56,1.34,6.7,0.4,4.3,4,28.9,Tuesday,Spring,1,14.9
Apartment,1,1,0.0,4.3,19.4,0.58,1.0,6.2,1.0,3.3,3,22.0,Friday,Spring,1,8.7
Apartment,7,6,4.6,13.4,20.4,0.61,1.6,4.8,0.2,7.2,12,30.4,Saturday,Spring,0,17.39
Apartment,6,5,0.0,9.6,22.8,1.12,0.75,7.5,0.0,7.0,10,25.3,Sunday,Spring,0,10.23
Independent House,5,5,12.9,15.2,21.8,0.63,0.84,7.6,0.2,3.4,9,45.4,Saturday,Summer,0,25.96
Apartment,3,2,,9.3,23.6,0.75,0.88,8.9,0.4,8.4,3,38.8,Saturday,Summer,0,20.08
Apartment,6,3,2.8,5.7,19.4,0.5,1.22,7.2,1.1,4.8,7,29.0,Thursday,Autumn,1,15.13
Independent House,5,3,2.9,9.1,23.1,1.6,0.53,5.2,0.2,5.2,6,28.1,Sunday,Autumn,0,15.88
Apartment,7,5,8.2,11.7,22.9,0.09,1.04,7.4,0.2,4.4,9,34.8,Thursday,Summer,1,16.77
Apartment,5,2,0.1,6.0,20.2,0.52,2.43,5.7,0.0,1.1,5,23.6,Wednesday,Autumn,1,8.84
Apartment,4,4,2.9,12.3,21.9,0.71,0.49,,0.1,8.0,8,26.2,Sunday,Spring,0,12.7
Villa,5,2,,9.6,23.6,0.16,1.02,6.6,0.0,6.3,6,33.0,Tuesday,Summer,1,19.84
Villa,6,4,8.5,8.7,19.9,0.77,0.86,7.4,0.2,3.1,9,34.3,Saturday,Summer,0,29.3
Independent House,8,4,9.9,12.0,22.1,1.21,1.24,8.6,0.2,4.1,10,32.7,Wednesday,Summer,1,27.41
Independent House,5,3,9.6,9.8,24.0,1.1,1.84,6.1,0.6,4.7,8,37.9,Saturday,Summer,0,27.4
Apartment,2,2,11.9,12.2,22.7,0.92,0.63,6.4,0.5,10.0,5,42.7,Sunday,Summer,0,20.44
Apartment,4,2,10.6,13.7,22.0,0.37,1.39,8.1,1.5,3.7,7,37.8,Monday,Summer,0,22.86
Villa,3,3,6.6,7.1,19.8,0.91,0.0,7.8,0.0,2.8,5,35.3,Tuesday,Summer,1,20.86
Apartment,3,2,7.5,11.6,19.8,0.7,1.33,5.8,0.0,6.5,5,38.3,Saturday,Summer,0,15.15
Independent House,3,3,0.6,5.6,23.1,1.05,0.46,7.7,0.0,6.0,7,24.3,Saturday,Autumn,0,9.72
Independent House,5,4,0.09000000000000001,10.1,20.2,0.39,1.44,8.3,3.7,3.2,7,9.1,Monday,Winter,1,14.71
Independent House,5,3,0.06999999999999999,13.0,21.5,0.83,0.0,8.6,6.1,3.0,7,13.9,Wednesday,Winter,1,16.54
Independent House,2,1,7.3,9.7,22.5,0.22,0.78,3.6,0.4,5.4,6,39.7,Friday,Summer,1,20.26
Independent House,5,3,10.7,11.7,23.2,0.0,1.36,5.2,0.8,4.4,8,39.0,Monday,Summer,1,29.23
Independent House,8,6,5.3,15.9,20.3,0.88,1.93,7.3,0.3,4.3,12,28.7,Wednesday,Autumn,1,18.79
Apartment,3,1,12.6,10.8,21.7,0.89,0.46,7.0,0.0,7.2,4,45.6,Saturday,Summer,0,22.92
Independent House,1,1,9.1,13.6,23.4,0.32,1.59,6.6,0.4,1.6,4,38.6,Monday,Summer,1,22.94
Apartment,3,1,1.6,7.7,22.0,0.38,1.35,4.6,0.2,3.3,4,26.6,Tuesday,Spring,1,7.69
Apartment,3,1,,10.5,23.6,0.86,1.13,6.7,5.6,4.4,4,17.0,Saturday,Winter,0,11.66
Apartment,1,1,0.0,9.1,23.2,1.28,1.01,6.6,0.0,4.4,3,25.7,Friday,Autumn,1,5.75
Apartment,7,5,4.3,7.5,24.0,0.0,1.16,8.7,0.1,3.9,9,29.9,Tuesday,Autumn,1,13.67
Apartment,3,1,1.1,11.4,22.6,0.45,1.28,6.3,0.6,5.6,5,18.6,Saturday,Autumn,0,9.97
